[{"model": "admin.logentry", "pk": 1, "fields": {"action_time": "2023-09-12T10:50:17.391Z", "user": 1, "content_type": 9, "object_id": "1", "object_repr": "Колбаса", "action_flag": 1, "change_message": "[{\"added\": {}}]"}}, {"model": "admin.logentry", "pk": 2, "fields": {"action_time": "2023-09-12T10:50:22.644Z", "user": 1, "content_type": 10, "object_id": "1", "object_repr": "Молочные Сосиски: Сосиски \"Молочные\" .", "action_flag": 1, "change_message": "[{\"added\": {}}]"}}, {"model": "admin.logentry", "pk": 3, "fields": {"action_time": "2023-09-12T10:51:42.189Z", "user": 1, "content_type": 10, "object_id": "2", "object_repr": "Балык: Балык сырокопчёный, ", "action_flag": 1, "change_message": "[{\"added\": {}}]"}}, {"model": "admin.logentry", "pk": 4, "fields": {"action_time": "2023-09-12T10:52:57.865Z", "user": 1, "content_type": 10, "object_id": "3", "object_repr": "Докторская: Колбаса \"Докторская\"", "action_flag": 1, "change_message": "[{\"added\": {}}]"}}, {"model": "admin.logentry", "pk": 5, "fields": {"action_time": "2023-09-12T10:57:48.486Z", "user": 1, "content_type": 9, "object_id": "2", "object_repr": "Велосипеды", "action_flag": 1, "change_message": "[{\"added\": {}}]"}}, {"model": "admin.logentry", "pk": 6, "fields": {"action_time": "2023-09-12T10:57:56.222Z", "user": 1, "content_type": 10, "object_id": "4", "object_repr": "Велосипед: Мак 3 Рубен, для гор", "action_flag": 1, "change_message": "[{\"added\": {}}]"}}, {"model": "admin.logentry", "pk": 7, "fields": {"action_time": "2023-09-23T14:50:17.589Z", "user": 1, "content_type": 4, "object_id": "1", "object_repr": "admin", "action_flag": 2, "change_message": "[{\"changed\": {\"fields\": [\"User permissions\"]}}]"}}, {"model": "admin.logentry", "pk": 8, "fields": {"action_time": "2023-09-26T08:39:07.536Z", "user": 1, "content_type": 7, "object_id": "1", "object_repr": "127.0.0.1", "action_flag": 2, "change_message": "[{\"changed\": {\"fields\": [\"Domain name\"]}}]"}}, {"model": "admin.logentry", "pk": 9, "fields": {"action_time": "2023-09-26T09:42:07.706Z", "user": 1, "content_type": 14, "object_id": "1", "object_repr": "Yandex", "action_flag": 1, "change_message": "[{\"added\": {}}]"}}, {"model": "admin.logentry", "pk": 10, "fields": {"action_time": "2023-09-26T11:47:38.591Z", "user": 1, "content_type": 3, "object_id": "1", "object_repr": "common users", "action_flag": 1, "change_message": "[{\"added\": {}}]"}}, {"model": "admin.logentry", "pk": 11, "fields": {"action_time": "2023-09-26T11:54:01.406Z", "user": 1, "content_type": 3, "object_id": "2", "object_repr": "managers", "action_flag": 1, "change_message": "[{\"added\": {}}]"}}, {"model": "admin.logentry", "pk": 12, "fields": {"action_time": "2023-09-26T11:58:45.197Z", "user": 1, "content_type": 4, "object_id": "2", "object_repr": "safta", "action_flag": 2, "change_message": "[{\"changed\": {\"fields\": [\"Groups\"]}}]"}}, {"model": "admin.logentry", "pk": 13, "fields": {"action_time": "2023-09-26T11:59:25.314Z", "user": 1, "content_type": 4, "object_id": "1", "object_repr": "admin", "action_flag": 2, "change_message": "[{\"changed\": {\"fields\": [\"Groups\"]}}]"}}, {"model": "admin.logentry", "pk": 14, "fields": {"action_time": "2023-09-26T13:50:50.095Z", "user": 1, "content_type": 4, "object_id": "4", "object_repr": "si-mart", "action_flag": 3, "change_message": ""}}, {"model": "admin.logentry", "pk": 15, "fields": {"action_time": "2023-09-26T14:57:54.375Z", "user": 1, "content_type": 3, "object_id": "2", "object_repr": "managers", "action_flag": 2, "change_message": "[{\"changed\": {\"fields\": [\"Permissions\"]}}]"}}, {"model": "admin.logentry", "pk": 16, "fields": {"action_time": "2023-09-26T15:19:55.546Z", "user": 1, "content_type": 4, "object_id": "1", "object_repr": "admin", "action_flag": 2, "change_message": "[{\"changed\": {\"fields\": [\"Groups\"]}}]"}}, {"model": "admin.logentry", "pk": 17, "fields": {"action_time": "2023-09-26T15:20:32.949Z", "user": 1, "content_type": 4, "object_id": "8", "object_repr": "dot", "action_flag": 2, "change_message": "[{\"changed\": {\"fields\": [\"Groups\"]}}]"}}, {"model": "admin.logentry", "pk": 18, "fields": {"action_time": "2023-09-26T15:20:46.391Z", "user": 1, "content_type": 4, "object_id": "5", "object_repr": "frot", "action_flag": 2, "change_message": "[{\"changed\": {\"fields\": [\"Groups\"]}}]"}}, {"model": "admin.logentry", "pk": 19, "fields": {"action_time": "2023-09-26T15:24:36.625Z", "user": 1, "content_type": 4, "object_id": "5", "object_repr": "frot", "action_flag": 2, "change_message": "[{\"changed\": {\"fields\": [\"Groups\"]}}]"}}, {"model": "admin.logentry", "pk": 20, "fields": {"action_time": "2023-09-27T07:42:59.036Z", "user": 1, "content_type": 4, "object_id": "2", "object_repr": "safta", "action_flag": 2, "change_message": "[{\"changed\": {\"fields\": [\"User permissions\"]}}]"}}, {"model": "admin.logentry", "pk": 21, "fields": {"action_time": "2023-09-27T07:44:48.953Z", "user": 1, "content_type": 4, "object_id": "7", "object_repr": "roby", "action_flag": 2, "change_message": "[{\"changed\": {\"fields\": [\"User permissions\"]}}]"}}, {"model": "admin.logentry", "pk": 22, "fields": {"action_time": "2023-09-30T09:48:33.191Z", "user": 1, "content_type": 4, "object_id": "10", "object_repr": "feronts", "action_flag": 3, "change_message": ""}}, {"model": "admin.logentry", "pk": 23, "fields": {"action_time": "2023-09-30T09:50:38.612Z", "user": 1, "content_type": 4, "object_id": "11", "object_repr": "feronts", "action_flag": 3, "change_message": ""}}, {"model": "admin.logentry", "pk": 24, "fields": {"action_time": "2023-09-30T10:07:39.417Z", "user": 1, "content_type": 4, "object_id": "6", "object_repr": "si-mart", "action_flag": 3, "change_message": ""}}, {"model": "admin.logentry", "pk": 25, "fields": {"action_time": "2023-09-30T10:09:18.812Z", "user": 1, "content_type": 4, "object_id": "12", "object_repr": "si-mart", "action_flag": 3, "change_message": ""}}, {"model": "admin.logentry", "pk": 26, "fields": {"action_time": "2023-09-30T10:35:09.722Z", "user": 1, "content_type": 4, "object_id": "13", "object_repr": "feronts", "action_flag": 3, "change_message": ""}}, {"model": "admin.logentry", "pk": 27, "fields": {"action_time": "2023-09-30T10:44:48.984Z", "user": 1, "content_type": 4, "object_id": "14", "object_repr": "feronts", "action_flag": 3, "change_message": ""}}, {"model": "admin.logentry", "pk": 28, "fields": {"action_time": "2023-09-30T10:47:47.853Z", "user": 1, "content_type": 4, "object_id": "15", "object_repr": "feronts", "action_flag": 3, "change_message": ""}}, {"model": "admin.logentry", "pk": 29, "fields": {"action_time": "2023-09-30T10:50:31.490Z", "user": 1, "content_type": 4, "object_id": "16", "object_repr": "si-mart", "action_flag": 3, "change_message": ""}}, {"model": "admin.logentry", "pk": 30, "fields": {"action_time": "2023-09-30T11:38:08.095Z", "user": 1, "content_type": 4, "object_id": "17", "object_repr": "feronts", "action_flag": 3, "change_message": ""}}, {"model": "admin.logentry", "pk": 31, "fields": {"action_time": "2023-09-30T11:47:14.489Z", "user": 1, "content_type": 4, "object_id": "18", "object_repr": "feronts", "action_flag": 3, "change_message": ""}}, {"model": "admin.logentry", "pk": 32, "fields": {"action_time": "2023-09-30T11:55:43.720Z", "user": 1, "content_type": 4, "object_id": "19", "object_repr": "feronts", "action_flag": 3, "change_message": ""}}, {"model": "admin.logentry", "pk": 33, "fields": {"action_time": "2023-09-30T12:37:23.825Z", "user": 1, "content_type": 4, "object_id": "20", "object_repr": "feronts", "action_flag": 3, "change_message": ""}}, {"model": "admin.logentry", "pk": 34, "fields": {"action_time": "2023-09-30T12:48:12.361Z", "user": 1, "content_type": 4, "object_id": "21", "object_repr": "feronts", "action_flag": 3, "change_message": ""}}, {"model": "admin.logentry", "pk": 35, "fields": {"action_time": "2023-09-30T12:51:15.280Z", "user": 1, "content_type": 4, "object_id": "22", "object_repr": "feronts", "action_flag": 3, "change_message": ""}}, {"model": "admin.logentry", "pk": 36, "fields": {"action_time": "2023-09-30T13:58:52.840Z", "user": 1, "content_type": 4, "object_id": "23", "object_repr": "feronts", "action_flag": 3, "change_message": ""}}, {"model": "admin.logentry", "pk": 37, "fields": {"action_time": "2023-10-01T09:08:42.188Z", "user": 1, "content_type": 4, "object_id": "24", "object_repr": "feronts", "action_flag": 3, "change_message": ""}}, {"model": "admin.logentry", "pk": 38, "fields": {"action_time": "2023-10-01T09:10:15.017Z", "user": 1, "content_type": 4, "object_id": "25", "object_repr": "feronts", "action_flag": 3, "change_message": ""}}, {"model": "admin.logentry", "pk": 39, "fields": {"action_time": "2023-10-01T09:12:58.076Z", "user": 1, "content_type": 4, "object_id": "26", "object_repr": "feronts", "action_flag": 3, "change_message": ""}}, {"model": "admin.logentry", "pk": 40, "fields": {"action_time": "2023-10-01T09:14:05.446Z", "user": 1, "content_type": 4, "object_id": "27", "object_repr": "feronts", "action_flag": 3, "change_message": ""}}, {"model": "admin.logentry", "pk": 41, "fields": {"action_time": "2023-10-01T11:50:20.028Z", "user": 1, "content_type": 4, "object_id": "28", "object_repr": "feronts", "action_flag": 3, "change_message": ""}}, {"model": "admin.logentry", "pk": 42, "fields": {"action_time": "2023-10-01T14:01:18.421Z", "user": 1, "content_type": 4, "object_id": "29", "object_repr": "feronts", "action_flag": 3, "change_message": ""}}, {"model": "admin.logentry", "pk": 43, "fields": {"action_time": "2023-10-01T14:06:38.165Z", "user": 1, "content_type": 4, "object_id": "30", "object_repr": "feronts", "action_flag": 3, "change_message": ""}}, {"model": "admin.logentry", "pk": 44, "fields": {"action_time": "2023-10-02T07:49:28.123Z", "user": 1, "content_type": 4, "object_id": "31", "object_repr": "feronts", "action_flag": 3, "change_message": ""}}, {"model": "admin.logentry", "pk": 45, "fields": {"action_time": "2023-10-02T07:53:38.161Z", "user": 1, "content_type": 4, "object_id": "32", "object_repr": "feronts", "action_flag": 3, "change_message": ""}}, {"model": "admin.logentry", "pk": 46, "fields": {"action_time": "2023-10-02T07:59:42.730Z", "user": 1, "content_type": 4, "object_id": "33", "object_repr": "feronts", "action_flag": 3, "change_message": ""}}, {"model": "admin.logentry", "pk": 47, "fields": {"action_time": "2023-10-02T08:02:07.720Z", "user": 1, "content_type": 4, "object_id": "34", "object_repr": "feronts", "action_flag": 3, "change_message": ""}}, {"model": "admin.logentry", "pk": 48, "fields": {"action_time": "2023-10-02T08:03:23.883Z", "user": 1, "content_type": 4, "object_id": "35", "object_repr": "feronts", "action_flag": 3, "change_message": ""}}, {"model": "admin.logentry", "pk": 49, "fields": {"action_time": "2023-10-02T08:18:29.250Z", "user": 1, "content_type": 4, "object_id": "36", "object_repr": "feronts", "action_flag": 3, "change_message": ""}}, {"model": "admin.logentry", "pk": 50, "fields": {"action_time": "2023-10-02T08:35:58.950Z", "user": 1, "content_type": 4, "object_id": "37", "object_repr": "feronts", "action_flag": 3, "change_message": ""}}, {"model": "admin.logentry", "pk": 51, "fields": {"action_time": "2023-10-02T08:38:17.311Z", "user": 1, "content_type": 4, "object_id": "38", "object_repr": "feronts", "action_flag": 3, "change_message": ""}}, {"model": "admin.logentry", "pk": 52, "fields": {"action_time": "2023-10-02T08:39:54.385Z", "user": 1, "content_type": 4, "object_id": "39", "object_repr": "feronts", "action_flag": 3, "change_message": ""}}, {"model": "admin.logentry", "pk": 53, "fields": {"action_time": "2023-10-02T08:52:37.652Z", "user": 1, "content_type": 4, "object_id": "40", "object_repr": "feronts", "action_flag": 3, "change_message": ""}}, {"model": "admin.logentry", "pk": 54, "fields": {"action_time": "2023-10-02T09:00:38.281Z", "user": 1, "content_type": 4, "object_id": "41", "object_repr": "feronts", "action_flag": 3, "change_message": ""}}, {"model": "admin.logentry", "pk": 55, "fields": {"action_time": "2023-10-02T09:06:55.750Z", "user": 1, "content_type": 4, "object_id": "42", "object_repr": "feronts", "action_flag": 3, "change_message": ""}}, {"model": "admin.logentry", "pk": 56, "fields": {"action_time": "2023-10-02T09:09:01.052Z", "user": 1, "content_type": 4, "object_id": "43", "object_repr": "feronts", "action_flag": 3, "change_message": ""}}, {"model": "admin.logentry", "pk": 57, "fields": {"action_time": "2023-10-02T09:16:09.011Z", "user": 1, "content_type": 4, "object_id": "44", "object_repr": "feronts", "action_flag": 3, "change_message": ""}}, {"model": "admin.logentry", "pk": 58, "fields": {"action_time": "2023-10-03T12:21:25.751Z", "user": 1, "content_type": 10, "object_id": "12", "object_repr": "Подушка: Подушка мягкая", "action_flag": 1, "change_message": "[{\"added\": {}}]"}}, {"model": "admin.logentry", "pk": 59, "fields": {"action_time": "2023-10-03T13:51:26.323Z", "user": 1, "content_type": 10, "object_id": "13", "object_repr": "Квадрик: Квадрик четыре колес", "action_flag": 1, "change_message": "[{\"added\": {}}]"}}, {"model": "admin.logentry", "pk": 60, "fields": {"action_time": "2023-10-03T13:53:00.728Z", "user": 1, "content_type": 10, "object_id": "14", "object_repr": "Ведро: Ведро 15 литров", "action_flag": 1, "change_message": "[{\"added\": {}}]"}}, {"model": "admin.logentry", "pk": 61, "fields": {"action_time": "2023-10-03T14:12:25.906Z", "user": 1, "content_type": 10, "object_id": "15", "object_repr": "Мясо: Мясо вкусное", "action_flag": 1, "change_message": "[{\"added\": {}}]"}}, {"model": "admin.logentry", "pk": 62, "fields": {"action_time": "2023-10-03T14:14:42.818Z", "user": 1, "content_type": 10, "object_id": "16", "object_repr": "Колбаса Вареная: Колбаса вареная вкус", "action_flag": 1, "change_message": "[{\"added\": {}}]"}}, {"model": "admin.logentry", "pk": 63, "fields": {"action_time": "2023-10-03T14:16:55.534Z", "user": 1, "content_type": 10, "object_id": "17", "object_repr": "Кровянка: Кровянка вкусно поле", "action_flag": 1, "change_message": "[{\"added\": {}}]"}}, {"model": "admin.logentry", "pk": 64, "fields": {"action_time": "2023-10-03T14:20:34.848Z", "user": 1, "content_type": 10, "object_id": "18", "object_repr": "Верта: Верта ламдфламьюь", "action_flag": 1, "change_message": "[{\"added\": {}}]"}}, {"model": "admin.logentry", "pk": 65, "fields": {"action_time": "2023-10-04T09:02:13.975Z", "user": 1, "content_type": 4, "object_id": "45", "object_repr": "feronts", "action_flag": 2, "change_message": "[{\"changed\": {\"fields\": [\"Groups\"]}}]"}}, {"model": "admin.logentry", "pk": 66, "fields": {"action_time": "2023-10-04T09:38:11.484Z", "user": 1, "content_type": 4, "object_id": "46", "object_repr": "matveykey", "action_flag": 3, "change_message": ""}}, {"model": "admin.logentry", "pk": 67, "fields": {"action_time": "2023-10-04T11:21:44.246Z", "user": 1, "content_type": 17, "object_id": "my_job", "object_repr": "my_job (next run at: Oct. 4, 2023, 11:25:00 a.m.)", "action_flag": 1, "change_message": "[{\"added\": {}}]"}}, {"model": "admin.logentry", "pk": 68, "fields": {"action_time": "2023-10-04T14:51:34.790Z", "user": 1, "content_type": 4, "object_id": "45", "object_repr": "feronts", "action_flag": 3, "change_message": ""}}, {"model": "admin.logentry", "pk": 69, "fields": {"action_time": "2023-10-04T14:51:34.797Z", "user": 1, "content_type": 4, "object_id": "47", "object_repr": "matveykey", "action_flag": 3, "change_message": ""}}, {"model": "admin.logentry", "pk": 70, "fields": {"action_time": "2023-10-05T09:10:11.510Z", "user": 1, "content_type": 4, "object_id": "48", "object_repr": "feronts", "action_flag": 3, "change_message": ""}}, {"model": "admin.logentry", "pk": 71, "fields": {"action_time": "2023-10-24T10:20:14.205Z", "user": 1, "content_type": 10, "object_id": "11", "object_repr": "Велосипеды : ds cach : trkzlmv lkdfjmv fgcz", "action_flag": 2, "change_message": "[{\"changed\": {\"fields\": [\"Name\"]}}]"}}, {"model": "admin.logentry", "pk": 72, "fields": {"action_time": "2023-10-24T10:24:50.857Z", "user": 1, "content_type": 10, "object_id": "22", "object_repr": "Велосипеды : Пакет cachh : Пакет суппер друпера", "action_flag": 2, "change_message": "[{\"changed\": {\"fields\": [\"Name\"]}}]"}}, {"model": "admin.logentry", "pk": 73, "fields": {"action_time": "2023-10-24T10:25:59.871Z", "user": 1, "content_type": 10, "object_id": "22", "object_repr": "Велосипеды : Пакет : Пакет суппер друпера", "action_flag": 2, "change_message": "[{\"changed\": {\"fields\": [\"Name\"]}}]"}}, {"model": "admin.logentry", "pk": 74, "fields": {"action_time": "2023-10-24T10:26:45.344Z", "user": 1, "content_type": 10, "object_id": "22", "object_repr": "Велосипеды : Пакет trewkjga : Пакет суппер друпера", "action_flag": 2, "change_message": "[{\"changed\": {\"fields\": [\"Name\"]}}]"}}, {"model": "admin.logentry", "pk": 75, "fields": {"action_time": "2023-10-24T10:27:28.581Z", "user": 1, "content_type": 10, "object_id": "22", "object_repr": "Велосипеды : Пакет : Пакет суппер друпера", "action_flag": 2, "change_message": "[{\"changed\": {\"fields\": [\"Name\"]}}]"}}, {"model": "admin.logentry", "pk": 76, "fields": {"action_time": "2023-10-24T10:36:59.610Z", "user": 1, "content_type": 10, "object_id": "22", "object_repr": "Велосипеды : Пакет : Пакет суппер друпера", "action_flag": 2, "change_message": "[]"}}, {"model": "admin.logentry", "pk": 77, "fields": {"action_time": "2023-10-24T10:48:16.787Z", "user": 1, "content_type": 10, "object_id": "22", "object_repr": "Велосипеды : Пакет tregag : Пакет суппер друпера", "action_flag": 2, "change_message": "[{\"changed\": {\"fields\": [\"Name\"]}}]"}}, {"model": "admin.logentry", "pk": 78, "fields": {"action_time": "2023-10-24T10:48:50.345Z", "user": 1, "content_type": 10, "object_id": "22", "object_repr": "Велосипеды : Пакет : Пакет суппер друпера", "action_flag": 2, "change_message": "[{\"changed\": {\"fields\": [\"Name\"]}}]"}}, {"model": "admin.logentry", "pk": 79, "fields": {"action_time": "2023-10-24T10:49:14.609Z", "user": 1, "content_type": 10, "object_id": "22", "object_repr": "Велосипеды : Пакет паичпт : Пакет суппер друпера", "action_flag": 2, "change_message": "[{\"changed\": {\"fields\": [\"Name\"]}}]"}}, {"model": "admin.logentry", "pk": 80, "fields": {"action_time": "2023-10-24T10:49:51.325Z", "user": 1, "content_type": 10, "object_id": "22", "object_repr": "Велосипеды : Пакет : Пакет суппер друпера", "action_flag": 2, "change_message": "[{\"changed\": {\"fields\": [\"Name\"]}}]"}}, {"model": "admin.logentry", "pk": 81, "fields": {"action_time": "2023-10-24T10:50:30.784Z", "user": 1, "content_type": 10, "object_id": "22", "object_repr": "Велосипеды : Пакет апрч : Пакет суппер друпера", "action_flag": 2, "change_message": "[{\"changed\": {\"fields\": [\"Name\"]}}]"}}, {"model": "admin.logentry", "pk": 82, "fields": {"action_time": "2023-10-24T10:59:12.404Z", "user": 1, "content_type": 10, "object_id": "22", "object_repr": "Велосипеды : Пакет2 : Пакет суппер друпера", "action_flag": 2, "change_message": "[{\"changed\": {\"fields\": [\"Name\"]}}]"}}, {"model": "admin.logentry", "pk": 83, "fields": {"action_time": "2023-10-24T11:01:19.876Z", "user": 1, "content_type": 10, "object_id": "22", "object_repr": "Велосипеды : Пакет : Пакет суппер друпера", "action_flag": 2, "change_message": "[{\"changed\": {\"fields\": [\"Name\"]}}]"}}, {"model": "admin.logentry", "pk": 84, "fields": {"action_time": "2023-10-24T11:03:20.789Z", "user": 1, "content_type": 10, "object_id": "22", "object_repr": "Велосипеды : Пакет 5 : Пакет суппер друпера", "action_flag": 2, "change_message": "[{\"changed\": {\"fields\": [\"Name\"]}}]"}}, {"model": "admin.logentry", "pk": 85, "fields": {"action_time": "2023-10-24T11:22:21.084Z", "user": 1, "content_type": 10, "object_id": "22", "object_repr": "Велосипеды : Пакет : Пакет суппер друпера", "action_flag": 2, "change_message": "[{\"changed\": {\"fields\": [\"Name\"]}}]"}}, {"model": "admin.logentry", "pk": 86, "fields": {"action_time": "2023-10-25T07:19:37.652Z", "user": 1, "content_type": 10, "object_id": "19", "object_repr": "Велосипеды : Fortran Cache : Язык программмтюлфс ", "action_flag": 2, "change_message": "[{\"changed\": {\"fields\": [\"Name\"]}}]"}}, {"model": "admin.logentry", "pk": 87, "fields": {"action_time": "2023-10-25T07:20:21.827Z", "user": 1, "content_type": 10, "object_id": "19", "object_repr": "Велосипеды : Fortran Cache : Язык программмтюлфс ", "action_flag": 2, "change_message": "[]"}}, {"model": "admin.logentry", "pk": 88, "fields": {"action_time": "2023-10-25T07:33:17.362Z", "user": 1, "content_type": 10, "object_id": "19", "object_repr": "Велосипеды : Fortran : Язык программмтюлфс ", "action_flag": 2, "change_message": "[{\"changed\": {\"fields\": [\"Name\"]}}]"}}, {"model": "admin.logentry", "pk": 89, "fields": {"action_time": "2023-10-25T07:36:18.000Z", "user": 1, "content_type": 10, "object_id": "19", "object_repr": "Велосипеды : Fortran : Язык программмтюлфс ", "action_flag": 2, "change_message": "[]"}}, {"model": "admin.logentry", "pk": 90, "fields": {"action_time": "2023-10-25T07:39:42.321Z", "user": 1, "content_type": 10, "object_id": "19", "object_repr": "Велосипеды : Fortran Tes Cache : Язык программмтюлфс ", "action_flag": 2, "change_message": "[{\"changed\": {\"fields\": [\"Name\"]}}]"}}, {"model": "admin.logentry", "pk": 91, "fields": {"action_time": "2023-10-25T07:40:53.170Z", "user": 1, "content_type": 10, "object_id": "19", "object_repr": "Велосипеды : Fortran Tes Cache : Язык программмтюлфс ", "action_flag": 2, "change_message": "[]"}}, {"model": "admin.logentry", "pk": 92, "fields": {"action_time": "2023-10-25T07:51:27.347Z", "user": 1, "content_type": 10, "object_id": "19", "object_repr": "Велосипеды : Fortran : Язык программмтюлфс ", "action_flag": 2, "change_message": "[{\"changed\": {\"fields\": [\"Name\"]}}]"}}, {"model": "admin.logentry", "pk": 93, "fields": {"action_time": "2023-10-25T08:03:26.586Z", "user": 1, "content_type": 10, "object_id": "19", "object_repr": "Велосипеды : Fortran Cache : Язык программмтюлфс ", "action_flag": 2, "change_message": "[{\"changed\": {\"fields\": [\"Name\"]}}]"}}, {"model": "admin.logentry", "pk": 94, "fields": {"action_time": "2023-10-25T08:11:45.664Z", "user": 1, "content_type": 10, "object_id": "19", "object_repr": "Велосипеды : Fortran Cache : Язык программмтюлфс ", "action_flag": 2, "change_message": "[]"}}, {"model": "admin.logentry", "pk": 95, "fields": {"action_time": "2023-10-25T08:12:11.228Z", "user": 1, "content_type": 10, "object_id": "19", "object_repr": "Велосипеды : Fortran : Язык программмтюлфс ", "action_flag": 2, "change_message": "[{\"changed\": {\"fields\": [\"Name\"]}}]"}}, {"model": "admin.logentry", "pk": 96, "fields": {"action_time": "2023-10-25T08:13:28.891Z", "user": 1, "content_type": 10, "object_id": "19", "object_repr": "Велосипеды : Fortran  Cache : Язык программмтюлфс ", "action_flag": 2, "change_message": "[{\"changed\": {\"fields\": [\"Name\"]}}]"}}, {"model": "admin.logentry", "pk": 97, "fields": {"action_time": "2023-10-25T08:15:30.617Z", "user": 1, "content_type": 10, "object_id": "19", "object_repr": "Велосипеды : Fortran : Язык программмтюлфс ", "action_flag": 2, "change_message": "[{\"changed\": {\"fields\": [\"Name\"]}}]"}}, {"model": "admin.logentry", "pk": 98, "fields": {"action_time": "2023-10-25T08:17:40.712Z", "user": 1, "content_type": 10, "object_id": "19", "object_repr": "Велосипеды : Fortran rtersa : Язык программмтюлфс ", "action_flag": 2, "change_message": "[{\"changed\": {\"fields\": [\"Name\"]}}]"}}, {"model": "admin.logentry", "pk": 99, "fields": {"action_time": "2023-10-25T08:18:53.772Z", "user": 1, "content_type": 10, "object_id": "19", "object_repr": "Велосипеды : Fortran : Язык программмтюлфс ", "action_flag": 2, "change_message": "[{\"changed\": {\"fields\": [\"Name\"]}}]"}}, {"model": "admin.logentry", "pk": 100, "fields": {"action_time": "2023-10-25T08:19:22.238Z", "user": 1, "content_type": 10, "object_id": "19", "object_repr": "Велосипеды : Fortran rtvsvCache : Язык программмтюлфс ", "action_flag": 2, "change_message": "[{\"changed\": {\"fields\": [\"Name\"]}}]"}}, {"model": "admin.logentry", "pk": 101, "fields": {"action_time": "2023-10-25T08:21:15.271Z", "user": 1, "content_type": 10, "object_id": "19", "object_repr": "Велосипеды : Fortran : Язык программмтюлфс ", "action_flag": 2, "change_message": "[{\"changed\": {\"fields\": [\"Name\"]}}]"}}, {"model": "admin.logentry", "pk": 102, "fields": {"action_time": "2023-10-25T08:22:45.383Z", "user": 1, "content_type": 10, "object_id": "11", "object_repr": "Велосипеды : ds cach : trkzlmv lkdfjmv fgcz", "action_flag": 3, "change_message": ""}}, {"model": "admin.logentry", "pk": 103, "fields": {"action_time": "2023-10-25T08:25:36.236Z", "user": 1, "content_type": 10, "object_id": "19", "object_repr": "Велосипеды : Fortran Cache : Язык программмтюлфс ", "action_flag": 2, "change_message": "[{\"changed\": {\"fields\": [\"Name\"]}}]"}}, {"model": "admin.logentry", "pk": 104, "fields": {"action_time": "2023-10-25T08:27:35.532Z", "user": 1, "content_type": 10, "object_id": "19", "object_repr": "Велосипеды : Fortran : Язык программмтюлфс ", "action_flag": 2, "change_message": "[{\"changed\": {\"fields\": [\"Name\"]}}]"}}, {"model": "admin.logentry", "pk": 105, "fields": {"action_time": "2023-10-25T08:28:15.670Z", "user": 1, "content_type": 10, "object_id": "23", "object_repr": "Велосипеды : A Cache dfs.vnsklc : zzcazsddddddddddcccc", "action_flag": 1, "change_message": "[{\"added\": {}}]"}}, {"model": "auth.permission", "pk": 1, "fields": {"name": "Can add log entry", "content_type": 1, "codename": "add_logentry"}}, {"model": "auth.permission", "pk": 2, "fields": {"name": "Can change log entry", "content_type": 1, "codename": "change_logentry"}}, {"model": "auth.permission", "pk": 3, "fields": {"name": "Can delete log entry", "content_type": 1, "codename": "delete_logentry"}}, {"model": "auth.permission", "pk": 4, "fields": {"name": "Can view log entry", "content_type": 1, "codename": "view_logentry"}}, {"model": "auth.permission", "pk": 5, "fields": {"name": "Can add permission", "content_type": 2, "codename": "add_permission"}}, {"model": "auth.permission", "pk": 6, "fields": {"name": "Can change permission", "content_type": 2, "codename": "change_permission"}}, {"model": "auth.permission", "pk": 7, "fields": {"name": "Can delete permission", "content_type": 2, "codename": "delete_permission"}}, {"model": "auth.permission", "pk": 8, "fields": {"name": "Can view permission", "content_type": 2, "codename": "view_permission"}}, {"model": "auth.permission", "pk": 9, "fields": {"name": "Can add group", "content_type": 3, "codename": "add_group"}}, {"model": "auth.permission", "pk": 10, "fields": {"name": "Can change group", "content_type": 3, "codename": "change_group"}}, {"model": "auth.permission", "pk": 11, "fields": {"name": "Can delete group", "content_type": 3, "codename": "delete_group"}}, {"model": "auth.permission", "pk": 12, "fields": {"name": "Can view group", "content_type": 3, "codename": "view_group"}}, {"model": "auth.permission", "pk": 13, "fields": {"name": "Can add user", "content_type": 4, "codename": "add_user"}}, {"model": "auth.permission", "pk": 14, "fields": {"name": "Can change user", "content_type": 4, "codename": "change_user"}}, {"model": "auth.permission", "pk": 15, "fields": {"name": "Can delete user", "content_type": 4, "codename": "delete_user"}}, {"model": "auth.permission", "pk": 16, "fields": {"name": "Can view user", "content_type": 4, "codename": "view_user"}}, {"model": "auth.permission", "pk": 17, "fields": {"name": "Can add content type", "content_type": 5, "codename": "add_contenttype"}}, {"model": "auth.permission", "pk": 18, "fields": {"name": "Can change content type", "content_type": 5, "codename": "change_contenttype"}}, {"model": "auth.permission", "pk": 19, "fields": {"name": "Can delete content type", "content_type": 5, "codename": "delete_contenttype"}}, {"model": "auth.permission", "pk": 20, "fields": {"name": "Can view content type", "content_type": 5, "codename": "view_contenttype"}}, {"model": "auth.permission", "pk": 21, "fields": {"name": "Can add session", "content_type": 6, "codename": "add_session"}}, {"model": "auth.permission", "pk": 22, "fields": {"name": "Can change session", "content_type": 6, "codename": "change_session"}}, {"model": "auth.permission", "pk": 23, "fields": {"name": "Can delete session", "content_type": 6, "codename": "delete_session"}}, {"model": "auth.permission", "pk": 24, "fields": {"name": "Can view session", "content_type": 6, "codename": "view_session"}}, {"model": "auth.permission", "pk": 25, "fields": {"name": "Can add site", "content_type": 7, "codename": "add_site"}}, {"model": "auth.permission", "pk": 26, "fields": {"name": "Can change site", "content_type": 7, "codename": "change_site"}}, {"model": "auth.permission", "pk": 27, "fields": {"name": "Can delete site", "content_type": 7, "codename": "delete_site"}}, {"model": "auth.permission", "pk": 28, "fields": {"name": "Can view site", "content_type": 7, "codename": "view_site"}}, {"model": "auth.permission", "pk": 29, "fields": {"name": "Can add flat page", "content_type": 8, "codename": "add_flatpage"}}, {"model": "auth.permission", "pk": 30, "fields": {"name": "Can change flat page", "content_type": 8, "codename": "change_flatpage"}}, {"model": "auth.permission", "pk": 31, "fields": {"name": "Can delete flat page", "content_type": 8, "codename": "delete_flatpage"}}, {"model": "auth.permission", "pk": 32, "fields": {"name": "Can view flat page", "content_type": 8, "codename": "view_flatpage"}}, {"model": "auth.permission", "pk": 33, "fields": {"name": "Can add category", "content_type": 9, "codename": "add_category"}}, {"model": "auth.permission", "pk": 34, "fields": {"name": "Can change category", "content_type": 9, "codename": "change_category"}}, {"model": "auth.permission", "pk": 35, "fields": {"name": "Can delete category", "content_type": 9, "codename": "delete_category"}}, {"model": "auth.permission", "pk": 36, "fields": {"name": "Can view category", "content_type": 9, "codename": "view_category"}}, {"model": "auth.permission", "pk": 37, "fields": {"name": "Can add product", "content_type": 10, "codename": "add_product"}}, {"model": "auth.permission", "pk": 38, "fields": {"name": "Can change product", "content_type": 10, "codename": "change_product"}}, {"model": "auth.permission", "pk": 39, "fields": {"name": "Can delete product", "content_type": 10, "codename": "delete_product"}}, {"model": "auth.permission", "pk": 40, "fields": {"name": "Can view product", "content_type": 10, "codename": "view_product"}}, {"model": "auth.permission", "pk": 41, "fields": {"name": "Can add email address", "content_type": 11, "codename": "add_emailaddress"}}, {"model": "auth.permission", "pk": 42, "fields": {"name": "Can change email address", "content_type": 11, "codename": "change_emailaddress"}}, {"model": "auth.permission", "pk": 43, "fields": {"name": "Can delete email address", "content_type": 11, "codename": "delete_emailaddress"}}, {"model": "auth.permission", "pk": 44, "fields": {"name": "Can view email address", "content_type": 11, "codename": "view_emailaddress"}}, {"model": "auth.permission", "pk": 45, "fields": {"name": "Can add email confirmation", "content_type": 12, "codename": "add_emailconfirmation"}}, {"model": "auth.permission", "pk": 46, "fields": {"name": "Can change email confirmation", "content_type": 12, "codename": "change_emailconfirmation"}}, {"model": "auth.permission", "pk": 47, "fields": {"name": "Can delete email confirmation", "content_type": 12, "codename": "delete_emailconfirmation"}}, {"model": "auth.permission", "pk": 48, "fields": {"name": "Can view email confirmation", "content_type": 12, "codename": "view_emailconfirmation"}}, {"model": "auth.permission", "pk": 49, "fields": {"name": "Can add social account", "content_type": 13, "codename": "add_socialaccount"}}, {"model": "auth.permission", "pk": 50, "fields": {"name": "Can change social account", "content_type": 13, "codename": "change_socialaccount"}}, {"model": "auth.permission", "pk": 51, "fields": {"name": "Can delete social account", "content_type": 13, "codename": "delete_socialaccount"}}, {"model": "auth.permission", "pk": 52, "fields": {"name": "Can view social account", "content_type": 13, "codename": "view_socialaccount"}}, {"model": "auth.permission", "pk": 53, "fields": {"name": "Can add social application", "content_type": 14, "codename": "add_socialapp"}}, {"model": "auth.permission", "pk": 54, "fields": {"name": "Can change social application", "content_type": 14, "codename": "change_socialapp"}}, {"model": "auth.permission", "pk": 55, "fields": {"name": "Can delete social application", "content_type": 14, "codename": "delete_socialapp"}}, {"model": "auth.permission", "pk": 56, "fields": {"name": "Can view social application", "content_type": 14, "codename": "view_socialapp"}}, {"model": "auth.permission", "pk": 57, "fields": {"name": "Can add social application token", "content_type": 15, "codename": "add_socialtoken"}}, {"model": "auth.permission", "pk": 58, "fields": {"name": "Can change social application token", "content_type": 15, "codename": "change_socialtoken"}}, {"model": "auth.permission", "pk": 59, "fields": {"name": "Can delete social application token", "content_type": 15, "codename": "delete_socialtoken"}}, {"model": "auth.permission", "pk": 60, "fields": {"name": "Can view social application token", "content_type": 15, "codename": "view_socialtoken"}}, {"model": "auth.permission", "pk": 61, "fields": {"name": "Can add subscriptions", "content_type": 16, "codename": "add_subscriptions"}}, {"model": "auth.permission", "pk": 62, "fields": {"name": "Can change subscriptions", "content_type": 16, "codename": "change_subscriptions"}}, {"model": "auth.permission", "pk": 63, "fields": {"name": "Can delete subscriptions", "content_type": 16, "codename": "delete_subscriptions"}}, {"model": "auth.permission", "pk": 64, "fields": {"name": "Can view subscriptions", "content_type": 16, "codename": "view_subscriptions"}}, {"model": "auth.permission", "pk": 65, "fields": {"name": "Can add django job", "content_type": 17, "codename": "add_djangojob"}}, {"model": "auth.permission", "pk": 66, "fields": {"name": "Can change django job", "content_type": 17, "codename": "change_djangojob"}}, {"model": "auth.permission", "pk": 67, "fields": {"name": "Can delete django job", "content_type": 17, "codename": "delete_djangojob"}}, {"model": "auth.permission", "pk": 68, "fields": {"name": "Can view django job", "content_type": 17, "codename": "view_djangojob"}}, {"model": "auth.permission", "pk": 69, "fields": {"name": "Can add django job execution", "content_type": 18, "codename": "add_djangojobexecution"}}, {"model": "auth.permission", "pk": 70, "fields": {"name": "Can change django job execution", "content_type": 18, "codename": "change_djangojobexecution"}}, {"model": "auth.permission", "pk": 71, "fields": {"name": "Can delete django job execution", "content_type": 18, "codename": "delete_djangojobexecution"}}, {"model": "auth.permission", "pk": 72, "fields": {"name": "Can view django job execution", "content_type": 18, "codename": "view_djangojobexecution"}}, {"model": "auth.group", "pk": 1, "fields": {"name": "common users", "permissions": []}}, {"model": "auth.group", "pk": 2, "fields": {"name": "managers", "permissions": [37, 38, 39]}}, {"model": "auth.user", "pk": 1, "fields": {"password": "pbkdf2_sha256$600000$UohRAevCHM2BRoq0YtmjyK$UlsXmsbXycSTAyuQKeD09iuIYQTMuVnl6raAvtHSLPc=", "last_login": "2023-11-16T05:55:38.653Z", "is_superuser": true, "username": "admin", "first_name": "", "last_name": "", "email": "", "is_staff": true, "is_active": true, "date_joined": "2023-09-12T10:36:02Z", "groups": [1], "user_permissions": [1, 2, 3, 4, 9, 10, 11, 12, 5, 6, 7, 8, 13, 14, 15, 16, 17, 18, 19, 20, 29, 30, 31, 32, 21, 22, 23, 24, 33, 34, 35, 36, 37, 38, 39, 40, 25, 26, 27, 28]}}, {"model": "auth.user", "pk": 2, "fields": {"password": "pbkdf2_sha256$600000$vSJMK8wov3TQJm2obQB5Bk$iyf5kXv9jj1yxm+E5Np13lnwvJ99z/AOtgCZlbzeufE=", "last_login": "2023-09-27T07:39:56Z", "is_superuser": false, "username": "safta", "first_name": "Иван", "last_name": "Иванов", "email": "cort@mail.ru", "is_staff": false, "is_active": true, "date_joined": "2023-09-25T09:14:33Z", "groups": [1], "user_permissions": [37]}}, {"model": "auth.user", "pk": 3, "fields": {"password": "pbkdf2_sha256$600000$Y2ci8AeTG9td94txcBjUFT$qlGaU9iOVzfTvPiUtZS4VyrThTOrPMhaWGhV339Gs4c=", "last_login": "2023-09-27T07:35:32.817Z", "is_superuser": false, "username": "cora", "first_name": "", "last_name": "", "email": "cora@mail.ru", "is_staff": false, "is_active": true, "date_joined": "2023-09-26T07:50:23.974Z", "groups": [], "user_permissions": []}}, {"model": "auth.user", "pk": 5, "fields": {"password": "pbkdf2_sha256$600000$ohNpSjqAOloRTu6D0ZfRlR$lheQO1+3nhLzwu2wLsWHs9bdubEx7sdCG/1PnhTRSo4=", "last_login": "2023-09-27T07:37:11.557Z", "is_superuser": false, "username": "frot", "first_name": "", "last_name": "", "email": "frot@mail.ru", "is_staff": false, "is_active": true, "date_joined": "2023-09-26T13:46:25Z", "groups": [2], "user_permissions": []}}, {"model": "auth.user", "pk": 7, "fields": {"password": "pbkdf2_sha256$600000$Vc6Fl67XMcRI6d3jpnIAVK$fFj6iSKYRnEfpzRwT40byhiDnRBeme9mvWDomLzcV1Y=", "last_login": "2023-09-27T07:45:36.323Z", "is_superuser": false, "username": "roby", "first_name": "", "last_name": "", "email": "roby@mail.ru", "is_staff": false, "is_active": true, "date_joined": "2023-09-26T13:54:09Z", "groups": [1], "user_permissions": [39]}}, {"model": "auth.user", "pk": 8, "fields": {"password": "pbkdf2_sha256$600000$eX0qbBI9nbYH4NdrsHtHOv$My8p07xFGHLFs+5Z/TpyuK5a/yq+KGpljhcQIPR2R34=", "last_login": null, "is_superuser": false, "username": "dot", "first_name": "", "last_name": "", "email": "derty@mail.ru", "is_staff": false, "is_active": true, "date_joined": "2023-09-26T13:59:10Z", "groups": [1, 2], "user_permissions": []}}, {"model": "auth.user", "pk": 9, "fields": {"password": "pbkdf2_sha256$600000$ypj975skaPjpOHobL3OcO5$AYIO0vAPzCVnz98fy08i42CycEfK/9cmnbZ31Pl1xSE=", "last_login": "2023-09-26T14:00:43.939Z", "is_superuser": false, "username": "trol", "first_name": "", "last_name": "", "email": "trol@mail.ru", "is_staff": false, "is_active": true, "date_joined": "2023-09-26T14:00:43.409Z", "groups": [1], "user_permissions": []}}, {"model": "contenttypes.contenttype", "pk": 1, "fields": {"app_label": "admin", "model": "logentry"}}, {"model": "contenttypes.contenttype", "pk": 2, "fields": {"app_label": "auth", "model": "permission"}}, {"model": "contenttypes.contenttype", "pk": 3, "fields": {"app_label": "auth", "model": "group"}}, {"model": "contenttypes.contenttype", "pk": 4, "fields": {"app_label": "auth", "model": "user"}}, {"model": "contenttypes.contenttype", "pk": 5, "fields": {"app_label": "contenttypes", "model": "contenttype"}}, {"model": "contenttypes.contenttype", "pk": 6, "fields": {"app_label": "sessions", "model": "session"}}, {"model": "contenttypes.contenttype", "pk": 7, "fields": {"app_label": "sites", "model": "site"}}, {"model": "contenttypes.contenttype", "pk": 8, "fields": {"app_label": "flatpages", "model": "flatpage"}}, {"model": "contenttypes.contenttype", "pk": 9, "fields": {"app_label": "simpleapp", "model": "category"}}, {"model": "contenttypes.contenttype", "pk": 10, "fields": {"app_label": "simpleapp", "model": "product"}}, {"model": "contenttypes.contenttype", "pk": 11, "fields": {"app_label": "account", "model": "emailaddress"}}, {"model": "contenttypes.contenttype", "pk": 12, "fields": {"app_label": "account", "model": "emailconfirmation"}}, {"model": "contenttypes.contenttype", "pk": 13, "fields": {"app_label": "socialaccount", "model": "socialaccount"}}, {"model": "contenttypes.contenttype", "pk": 14, "fields": {"app_label": "socialaccount", "model": "socialapp"}}, {"model": "contenttypes.contenttype", "pk": 15, "fields": {"app_label": "socialaccount", "model": "socialtoken"}}, {"model": "contenttypes.contenttype", "pk": 16, "fields": {"app_label": "simpleapp", "model": "subscriptions"}}, {"model": "contenttypes.contenttype", "pk": 17, "fields": {"app_label": "django_apscheduler", "model": "djangojob"}}, {"model": "contenttypes.contenttype", "pk": 18, "fields": {"app_label": "django_apscheduler", "model": "djangojobexecution"}}, {"model": "sessions.session", "pk": "26o8mfdtz0macifk8o5kumqu4orzlabi", "fields": {"session_data": ".eJxVjDsOwjAQBe_iGllrvHE2lPQ5g-XPLg4gR4qTCnF3iJQC2jcz76V82Nbit8aLn7K6KKNOv1sM6cF1B_ke6m3Waa7rMkW9K_qgTY9z5uf1cP8OSmjlW4vwQOAiiBVLgc8OGRgjcQcypC4hADrKaI0kTBRiny0R9caxASH1_gDyXDfk:1qvEH1:kpGHtZOw3GS1vdHiEfymYJ-uot-yRJHaxqO9MRtagY0", "expire_date": "2023-11-07T10:04:31.010Z"}}, {"model": "sessions.session", "pk": "3xgc4j6sogwu3h4wgidpev8ssugifgoc", "fields": {"session_data": ".eJxVj9FuwyAMRf-F5yoywSGQt-1HkAtGQWN0CmTaNO3fS6uoVR99ru-1758g7y97ae6btxQTB8eflLJYyp7z6aHulTexCOnFSTja23onLoUO0bzCM_kPLjeFcr7h4UgZ7juHXIe3PnFpyVNLl_J-uF6iVqprzwEK4DEEpSNLNhaVx4gjRDIRJw12QkM8z2dFLIPFqEalAGAO2s5MJJ5F6Hm0d6UmFqmtRiVHGIfuMdPUP6hca__J8c9X2n7FAv9XSyhjnw:1qo3Fa:-9SAlMruiQJLYrffmzrZhqWwu0Kvdf25u4wQbpmUogc", "expire_date": "2023-10-18T14:53:22.303Z"}}, {"model": "sessions.session", "pk": "4lpcobbmiuh8fzc2xpjlm0d1llfbxv1d", "fields": {"session_data": ".eJxVjDsOwjAQBe_iGllrvHE2lPQ5g-XPLg4gR4qTCnF3iJQC2jcz76V82Nbit8aLn7K6KKNOv1sM6cF1B_ke6m3Waa7rMkW9K_qgTY9z5uf1cP8OSmjlW4vwQOAiiBVLgc8OGRgjcQcypC4hADrKaI0kTBRiny0R9caxASH1_gDyXDfk:1qvY3C:74yAB4UtwbySTit2V9LY4a7TfdMiI281bAjseMzR298", "expire_date": "2023-11-08T07:11:34.954Z"}}, {"model": "sessions.session", "pk": "5bc6bqbvpsizueeli2k4tve0w0284fc6", "fields": {"session_data": ".eJxVjDsOwjAQBe_iGllrvHE2lPQ5g-XPLg4gR4qTCnF3iJQC2jcz76V82Nbit8aLn7K6KKNOv1sM6cF1B_ke6m3Waa7rMkW9K_qgTY9z5uf1cP8OSmjlW4vwQOAiiBVLgc8OGRgjcQcypC4hADrKaI0kTBRiny0R9caxASH1_gDyXDfk:1qpTDS:GsoMTLSJVoRJPh3Q-Nn29cdNuHiY2dP7QCpnYyN-G2A", "expire_date": "2023-10-22T12:49:02.057Z"}}, {"model": "sessions.session", "pk": "dxmtqizwmw0vowpfslfmtbtnx39di7g6", "fields": {"session_data": ".eJxVjDsOwjAQBe_iGllrvHE2lPQ5g-XPLg4gR4qTCnF3iJQC2jcz76V82Nbit8aLn7K6KKNOv1sM6cF1B_ke6m3Waa7rMkW9K_qgTY9z5uf1cP8OSmjlW4vwQOAiiBVLgc8OGRgjcQcypC4hADrKaI0kTBRiny0R9caxASH1_gDyXDfk:1qg0rZ:OHjtjLzSEV66PcTeO7DilSRh0BSZb7L4Higsg9PzH-M", "expire_date": "2023-09-26T10:43:21.050Z"}}, {"model": "sessions.session", "pk": "ek5esnr7ea8ddfwp7ukt10nlf0z0piw8", "fields": {"session_data": ".eJxVjDsOwjAQBe_iGllrvHE2lPQ5g-XPLg4gR4qTCnF3iJQC2jcz76V82Nbit8aLn7K6KKNOv1sM6cF1B_ke6m3Waa7rMkW9K_qgTY9z5uf1cP8OSmjlW4vwQOAiiBVLgc8OGRgjcQcypC4hADrKaI0kTBRiny0R9caxASH1_gDyXDfk:1qrzOM:yg1_JfK12xra0uAas0KkZB8Nin2hkX2fGE_AkTx7FRE", "expire_date": "2023-10-29T11:34:42.375Z"}}, {"model": "sessions.session", "pk": "fod0qbs5fb24zkwu2gqwgp6wsd11w229", "fields": {"session_data": ".eJxVjDsOwjAQBe_iGllrvHE2lPQ5g-XPLg4gR4qTCnF3iJQC2jcz76V82Nbit8aLn7K6KKNOv1sM6cF1B_ke6m3Waa7rMkW9K_qgTY9z5uf1cP8OSmjlW4vwQOAiiBVLgc8OGRgjcQcypC4hADrKaI0kTBRiny0R9caxASH1_gDyXDfk:1qm8VF:sDz6VjzDkI2Q-nbsmcKIfNoY7R-QFaEhy7nYz_b3qXc", "expire_date": "2023-10-13T08:05:37.032Z"}}, {"model": "sessions.session", "pk": "mdwj60llu05ufezl9gs1nrvc2kpdrqmc", "fields": {"session_data": ".eJxVjDsOwjAQBe_iGllrvHE2lPQ5g-XPLg4gR4qTCnF3iJQC2jcz76V82Nbit8aLn7K6KKNOv1sM6cF1B_ke6m3Waa7rMkW9K_qgTY9z5uf1cP8OSmjlW4vwQOAiiBVLgc8OGRgjcQcypC4hADrKaI0kTBRiny0R9caxASH1_gDyXDfk:1qlsOI:dHGeEkRiqnJE1zOyUUTUpJzWJGNseTp_3AluQfRRyW8", "expire_date": "2023-10-12T14:53:22.457Z"}}, {"model": "sessions.session", "pk": "pdid5hj6rwkkpkvtunwqs36yo9wm8lbl", "fields": {"session_data": ".eJxVjDsOwjAQBe_iGllrvHE2lPQ5g-XPLg4gR4qTCnF3iJQC2jcz76V82Nbit8aLn7K6KKNOv1sM6cF1B_ke6m3Waa7rMkW9K_qgTY9z5uf1cP8OSmjlW4vwQOAiiBVLgc8OGRgjcQcypC4hADrKaI0kTBRiny0R9caxASH1_gDyXDfk:1qlt8R:WF3VmGR9JMxFRBYnbh1wT24YMhc46tZ3lQzxLMusex4", "expire_date": "2023-10-12T15:41:03.831Z"}}, {"model": "sessions.session", "pk": "push0sgn1cdk8d20sxvepit4rw2lik8n", "fields": {"session_data": ".eJxVjDsOwjAQBe_iGllrvHE2lPQ5g-XPLg4gR4qTCnF3iJQC2jcz76V82Nbit8aLn7K6KKNOv1sM6cF1B_ke6m3Waa7rMkW9K_qgTY9z5uf1cP8OSmjlW4vwQOAiiBVLgc8OGRgjcQcypC4hADrKaI0kTBRiny0R9caxASH1_gDyXDfk:1r3VLm:7Vs70LLt5xr0tHC5DvmwK0B6gRMumbS3y9bqcNuEniI", "expire_date": "2023-11-30T05:55:38.659Z"}}, {"model": "sessions.session", "pk": "qad4ilnvfqtdvbonvjefu8h2a1ttdktu", "fields": {"session_data": ".eJxVjDsOwjAQBe_iGllrvHE2lPQ5g-XPLg4gR4qTCnF3iJQC2jcz76V82Nbit8aLn7K6KKNOv1sM6cF1B_ke6m3Waa7rMkW9K_qgTY9z5uf1cP8OSmjlW4vwQOAiiBVLgc8OGRgjcQcypC4hADrKaI0kTBRiny0R9caxASH1_gDyXDfk:1qveCJ:OpjiHNOGmrUy640WcIXWlLuKKQIXINPITYAZ50qpys0", "expire_date": "2023-11-08T13:45:23.523Z"}}, {"model": "sessions.session", "pk": "vsj87r585e8wbwu6pnqnvpprxm6w1ej1", "fields": {"session_data": ".eJxVjDsOwjAQBe_iGllrvHE2lPQ5g-XPLg4gR4qTCnF3iJQC2jcz76V82Nbit8aLn7K6KKNOv1sM6cF1B_ke6m3Waa7rMkW9K_qgTY9z5uf1cP8OSmjlW4vwQOAiiBVLgc8OGRgjcQcypC4hADrKaI0kTBRiny0R9caxASH1_gDyXDfk:1qoPwj:MHdAHMVtXxr-sOOWX5_4lVmNeBVA7MU3HgBwQyFIY4A", "expire_date": "2023-10-19T15:07:25.523Z"}}, {"model": "sessions.session", "pk": "ya4ouai6wjoexydfhttaxskbtc5wt90v", "fields": {"session_data": ".eJxVjssOgyAQRf-FdWOA4SHu2h8hw4DR1GgjmLRp-u9F46Jdzr0zZ86bedzK4LecVj9G1jHLLr9ZQLqneS9wmva4QaJlm0tz7Jx1bq51SnMZCcu4zLfz6g81YB4qR_G-VYIIggOpgUdJKVlHJIIBMOi0BGWhRaMlR2mCbXsSkqJygvdRV-ipcLDPpyl6LKwTxumWcwumAWm1VtUgp5yrk0_Px7i-WMc_X5PLUO4:1qlPEm:s1DXpBV82UWbhOsxrT1RRJCQMZGdXAGiNp6xSopdDuo", "expire_date": "2023-10-11T07:45:36.328Z"}}, {"model": "sites.site", "pk": 1, "fields": {"domain": "127.0.0.1", "name": "example.com"}}, {"model": "simpleapp.product", "pk": 1, "fields": {"name": "Молочные сосиски", "description": "Сосиски \"Молочные\" . Вкусные сосиски из натурального мяса говядина 50%, свинина 50%.", "quantity": 10, "category": 1, "price": 380.0}}, {"model": "simpleapp.product", "pk": 2, "fields": {"name": "Балык", "description": "Балык сырокопчёный, продукт из 100% свинины, длительного хранения.", "quantity": 10, "category": 1, "price": 980.0}}, {"model": "simpleapp.product", "pk": 4, "fields": {"name": "Велосипед", "description": "Мак 3 Рубен, для горного фристайла рама титан-алюминий, передовая технология изготовления колёс.", "quantity": 10, "category": 2, "price": 12000.0}}, {"model": "simpleapp.product", "pk": 5, "fields": {"name": "Сервилат", "description": "Сырокопчёный сервилат", "quantity": 10, "category": 1, "price": 720.0}}, {"model": "simpleapp.product", "pk": 6, "fields": {"name": "Сливочная", "description": "Колбаса варёная с добавлением сливок", "quantity": 10, "category": 1, "price": 520.0}}, {"model": "simpleapp.product", "pk": 7, "fields": {"name": "Сливочная варёная", "description": "Колбаса варёная с добавлением сливок", "quantity": 10, "category": 1, "price": 520.0}}, {"model": "simpleapp.product", "pk": 8, "fields": {"name": "Сливочная Копчёная", "description": "Колбаса варёная с добавлением сливок", "quantity": 10, "category": 1, "price": 1520.0}}, {"model": "simpleapp.product", "pk": 10, "fields": {"name": "Шторм", "description": "Спортивный велосипед с облегчённой рамой", "quantity": 10, "category": 2, "price": 15800.0}}, {"model": "simpleapp.product", "pk": 12, "fields": {"name": "Подушка", "description": "Подушка мягкая", "quantity": 10, "category": 2, "price": 250.0}}, {"model": "simpleapp.product", "pk": 13, "fields": {"name": "Квадрик", "description": "Квадрик четыре колеса", "quantity": 10, "category": 2, "price": 4500.0}}, {"model": "simpleapp.product", "pk": 14, "fields": {"name": "Ведро", "description": "Ведро 15 литров", "quantity": 10, "category": 1, "price": 150.0}}, {"model": "simpleapp.product", "pk": 15, "fields": {"name": "Мясо", "description": "Мясо вкусное", "quantity": 10, "category": 1, "price": 450.0}}, {"model": "simpleapp.product", "pk": 16, "fields": {"name": "Колбаса вареная", "description": "Колбаса вареная вкусная апетитная", "quantity": 10, "category": 1, "price": 250.0}}, {"model": "simpleapp.product", "pk": 17, "fields": {"name": "Кровянка", "description": "Кровянка вкусно полезно", "quantity": 10, "category": 1, "price": 5458.0}}, {"model": "simpleapp.product", "pk": 18, "fields": {"name": "Верта", "description": "Верта ламдфламьюь", "quantity": 10, "category": 1, "price": 454.0}}, {"model": "simpleapp.product", "pk": 19, "fields": {"name": "Fortran", "description": "Язык программмтюлфс  лвьсдылдс", "quantity": 10, "category": 2, "price": 120.0}}, {"model": "simpleapp.product", "pk": 20, "fields": {"name": "gdf", "description": "ralk lk;la lks  kkjlkj;lsk jhfvxnc nruslz", "quantity": 0, "category": 1, "price": 100.0}}, {"model": "simpleapp.product", "pk": 21, "fields": {"name": "ssfseesscvs", "description": "efssvsvvvvvvvvvvvvvvvvvvvv", "quantity": 10, "category": 1, "price": 452.0}}, {"model": "simpleapp.product", "pk": 22, "fields": {"name": "Пакет", "description": "Пакет суппер друперап", "quantity": 10, "category": 2, "price": 12.0}}, {"model": "simpleapp.product", "pk": 24, "fields": {"name": "Пакет fgdd", "description": "Новый Отечественный автомобиль", "quantity": 10, "category": 1, "price": 7.0}}, {"model": "simpleapp.product", "pk": 25, "fields": {"name": "Avto Save Cache", "description": "Новый Отечественный автомобиль", "quantity": 10, "category": 2, "price": 34.0}}, {"model": "simpleapp.product", "pk": 26, "fields": {"name": "Cache Test 2", "description": "Новый Отечественный автомобиль", "quantity": 10, "category": 2, "price": 23.0}}, {"model": "simpleapp.product", "pk": 27, "fields": {"name": "teSt", "description": "Коровье полезное домашнее вкусное", "quantity": 0, "category": 2, "price": 34.0}}, {"model": "simpleapp.category", "pk": 1, "fields": {"name": "Колбаса"}}, {"model": "simpleapp.category", "pk": 2, "fields": {"name": "велосипеды"}}, {"model": "simpleapp.subscriptions", "pk": 5, "fields": {"user": 1, "category": 2}}, {"model": "account.emailaddress", "pk": 1, "fields": {"user": 3, "email": "cora@mail.ru", "verified": false, "primary": true}}, {"model": "account.emailaddress", "pk": 3, "fields": {"user": 5, "email": "frot@mail.ru", "verified": false, "primary": true}}, {"model": "account.emailaddress", "pk": 5, "fields": {"user": 7, "email": "roby@mail.ru", "verified": false, "primary": true}}, {"model": "account.emailaddress", "pk": 6, "fields": {"user": 8, "email": "derty@mail.ru", "verified": false, "primary": true}}, {"model": "account.emailaddress", "pk": 7, "fields": {"user": 9, "email": "trol@mail.ru", "verified": false, "primary": true}}, {"model": "socialaccount.socialapp", "pk": 1, "fields": {"provider": "yandex", "provider_id": "", "name": "Yandex", "client_id": "5898782885eb4bc09f4e27eeba4e6cd2", "secret": "daed1973074b42158ebe99dfdf232fb2", "key": "", "settings": {}, "sites": [1]}}, {"model": "django_apscheduler.djangojob", "pk": "delete_old_job_executions", "fields": {"next_run_time": "2023-10-08T21:00:00Z", "job_state": "gAWVXgQAAAAAAAB9lCiMB3ZlcnNpb26USwGMAmlklIwZZGVsZXRlX29sZF9qb2JfZXhlY3V0aW9uc5SMBGZ1bmOUjEZzaW1wbGVhcHAubWFuYWdlbWVudC5jb21tYW5kcy5ydW5hcHNjaGVkdWxlcjpkZWxldGVfb2xkX2pvYl9leGVjdXRpb25zlIwHdHJpZ2dlcpSMGWFwc2NoZWR1bGVyLnRyaWdnZXJzLmNyb26UjAtDcm9uVHJpZ2dlcpSTlCmBlH2UKGgBSwKMCHRpbWV6b25llIwIYnVpbHRpbnOUjAdnZXRhdHRylJOUjAh6b25laW5mb5SMCFpvbmVJbmZvlJOUjAlfdW5waWNrbGWUhpRSlIwNRXVyb3BlL01vc2Nvd5RLAYaUUpSMCnN0YXJ0X2RhdGWUTowIZW5kX2RhdGWUTowGZmllbGRzlF2UKIwgYXBzY2hlZHVsZXIudHJpZ2dlcnMuY3Jvbi5maWVsZHOUjAlCYXNlRmllbGSUk5QpgZR9lCiMBG5hbWWUjAR5ZWFylIwKaXNfZGVmYXVsdJSIjAtleHByZXNzaW9uc5RdlIwlYXBzY2hlZHVsZXIudHJpZ2dlcnMuY3Jvbi5leHByZXNzaW9uc5SMDUFsbEV4cHJlc3Npb26Uk5QpgZR9lIwEc3RlcJROc2JhdWJoHYwKTW9udGhGaWVsZJSTlCmBlH2UKGgijAVtb250aJRoJIhoJV2UaCkpgZR9lGgsTnNiYXViaB2MD0RheU9mTW9udGhGaWVsZJSTlCmBlH2UKGgijANkYXmUaCSIaCVdlGgpKYGUfZRoLE5zYmF1YmgdjAlXZWVrRmllbGSUk5QpgZR9lChoIowEd2Vla5RoJIhoJV2UaCkpgZR9lGgsTnNiYXViaB2MDkRheU9mV2Vla0ZpZWxklJOUKYGUfZQoaCKMC2RheV9vZl93ZWVrlGgkiWglXZRoJ4wWV2Vla2RheVJhbmdlRXhwcmVzc2lvbpSTlCmBlH2UKGgsTowFZmlyc3SUSwCMBGxhc3SUSwB1YmF1YmgfKYGUfZQoaCKMBGhvdXKUaCSJaCVdlGgnjA9SYW5nZUV4cHJlc3Npb26Uk5QpgZR9lChoLE5oT0sAaFBLAHViYXViaB8pgZR9lChoIowGbWludXRllGgkiWglXZRoVimBlH2UKGgsTmhPSwBoUEsAdWJhdWJoHymBlH2UKGgijAZzZWNvbmSUaCSIaCVdlGhWKYGUfZQoaCxOaE9LAGhQSwB1YmF1YmWMBmppdHRlcpROdWKMCGV4ZWN1dG9ylIwHZGVmYXVsdJSMBGFyZ3OUKYwGa3dhcmdzlH2UaCJoA4wSbWlzZmlyZV9ncmFjZV90aW1llEsBjAhjb2FsZXNjZZSIjA1tYXhfaW5zdGFuY2VzlEsBjA1uZXh0X3J1bl90aW1llIwIZGF0ZXRpbWWUjAhkYXRldGltZZSTlEMKB+cKCQAAAAAAAJRoGIaUUpR1Lg=="}}, {"model": "django_apscheduler.djangojob", "pk": "my_job", "fields": {"next_run_time": "2023-10-04T12:19:30Z", "job_state": "gAWV2wMAAAAAAAB9lCiMB3ZlcnNpb26USwGMAmlklIwGbXlfam9ilIwEZnVuY5SMM3NpbXBsZWFwcC5tYW5hZ2VtZW50LmNvbW1hbmRzLnJ1bmFwc2NoZWR1bGVyOm15X2pvYpSMB3RyaWdnZXKUjBlhcHNjaGVkdWxlci50cmlnZ2Vycy5jcm9ulIwLQ3JvblRyaWdnZXKUk5QpgZR9lChoAUsCjAh0aW1lem9uZZSMCGJ1aWx0aW5zlIwHZ2V0YXR0cpSTlIwIem9uZWluZm+UjAhab25lSW5mb5STlIwJX3VucGlja2xllIaUUpSMDUV1cm9wZS9Nb3Njb3eUSwGGlFKUjApzdGFydF9kYXRllE6MCGVuZF9kYXRllE6MBmZpZWxkc5RdlCiMIGFwc2NoZWR1bGVyLnRyaWdnZXJzLmNyb24uZmllbGRzlIwJQmFzZUZpZWxklJOUKYGUfZQojARuYW1llIwEeWVhcpSMCmlzX2RlZmF1bHSUiIwLZXhwcmVzc2lvbnOUXZSMJWFwc2NoZWR1bGVyLnRyaWdnZXJzLmNyb24uZXhwcmVzc2lvbnOUjA1BbGxFeHByZXNzaW9ulJOUKYGUfZSMBHN0ZXCUTnNiYXViaB2MCk1vbnRoRmllbGSUk5QpgZR9lChoIowFbW9udGiUaCSIaCVdlGgpKYGUfZRoLE5zYmF1YmgdjA9EYXlPZk1vbnRoRmllbGSUk5QpgZR9lChoIowDZGF5lGgkiGglXZRoKSmBlH2UaCxOc2JhdWJoHYwJV2Vla0ZpZWxklJOUKYGUfZQoaCKMBHdlZWuUaCSIaCVdlGgpKYGUfZRoLE5zYmF1YmgdjA5EYXlPZldlZWtGaWVsZJSTlCmBlH2UKGgijAtkYXlfb2Zfd2Vla5RoJIhoJV2UaCkpgZR9lGgsTnNiYXViaB8pgZR9lChoIowEaG91cpRoJIhoJV2UaCkpgZR9lGgsTnNiYXViaB8pgZR9lChoIowGbWludXRllGgkiGglXZRoKSmBlH2UaCxOc2JhdWJoHymBlH2UKGgijAZzZWNvbmSUaCSJaCVdlGgpKYGUfZRoLEsec2JhdWJljAZqaXR0ZXKUTnVijAhleGVjdXRvcpSMB2RlZmF1bHSUjARhcmdzlCmMBmt3YXJnc5R9lGgiaAOMEm1pc2ZpcmVfZ3JhY2VfdGltZZRLAYwIY29hbGVzY2WUiIwNbWF4X2luc3RhbmNlc5RLAYwNbmV4dF9ydW5fdGltZZSMCGRhdGV0aW1llIwIZGF0ZXRpbWWUk5RDCgfnCgQPEx4AAACUaBiGlFKUdS4="}}, {"model": "django_apscheduler.djangojobexecution", "pk": 1, "fields": {"job": "my_job", "status": "Executed", "run_time": "2023-10-04T11:59:00Z", "duration": "0.01", "finished": "1696420740.01", "exception": null, "traceback": null}}, {"model": "django_apscheduler.djangojobexecution", "pk": 2, "fields": {"job": "my_job", "status": "Executed", "run_time": "2023-10-04T11:59:30Z", "duration": "0.02", "finished": "1696420770.02", "exception": null, "traceback": null}}, {"model": "django_apscheduler.djangojobexecution", "pk": 3, "fields": {"job": "my_job", "status": "Executed", "run_time": "2023-10-04T12:00:00Z", "duration": "0.01", "finished": "1696420800.01", "exception": null, "traceback": null}}, {"model": "django_apscheduler.djangojobexecution", "pk": 4, "fields": {"job": "my_job", "status": "Executed", "run_time": "2023-10-04T12:00:30Z", "duration": "0.02", "finished": "1696420830.02", "exception": null, "traceback": null}}, {"model": "django_apscheduler.djangojobexecution", "pk": 5, "fields": {"job": "my_job", "status": "Executed", "run_time": "2023-10-04T12:01:00Z", "duration": "0.01", "finished": "1696420860.01", "exception": null, "traceback": null}}, {"model": "django_apscheduler.djangojobexecution", "pk": 6, "fields": {"job": "my_job", "status": "Executed", "run_time": "2023-10-04T12:01:30Z", "duration": "0.02", "finished": "1696420890.02", "exception": null, "traceback": null}}, {"model": "django_apscheduler.djangojobexecution", "pk": 7, "fields": {"job": "my_job", "status": "Executed", "run_time": "2023-10-04T12:02:00Z", "duration": "0.05", "finished": "1696420920.05", "exception": null, "traceback": null}}, {"model": "django_apscheduler.djangojobexecution", "pk": 8, "fields": {"job": "my_job", "status": "Executed", "run_time": "2023-10-04T12:02:30Z", "duration": "0.02", "finished": "1696420950.02", "exception": null, "traceback": null}}, {"model": "django_apscheduler.djangojobexecution", "pk": 9, "fields": {"job": "my_job", "status": "Executed", "run_time": "2023-10-04T12:03:00Z", "duration": "0.02", "finished": "1696420980.02", "exception": null, "traceback": null}}, {"model": "django_apscheduler.djangojobexecution", "pk": 10, "fields": {"job": "my_job", "status": "Executed", "run_time": "2023-10-04T12:03:30Z", "duration": "0.01", "finished": "1696421010.01", "exception": null, "traceback": null}}, {"model": "django_apscheduler.djangojobexecution", "pk": 11, "fields": {"job": "my_job", "status": "Executed", "run_time": "2023-10-04T12:04:00Z", "duration": "0.02", "finished": "1696421040.02", "exception": null, "traceback": null}}, {"model": "django_apscheduler.djangojobexecution", "pk": 12, "fields": {"job": "my_job", "status": "Executed", "run_time": "2023-10-04T12:04:30Z", "duration": "0.02", "finished": "1696421070.02", "exception": null, "traceback": null}}, {"model": "django_apscheduler.djangojobexecution", "pk": 13, "fields": {"job": "my_job", "status": "Executed", "run_time": "2023-10-04T12:07:00Z", "duration": "0.02", "finished": "1696421220.02", "exception": null, "traceback": null}}, {"model": "django_apscheduler.djangojobexecution", "pk": 14, "fields": {"job": "my_job", "status": "Executed", "run_time": "2023-10-04T12:07:30Z", "duration": "0.02", "finished": "1696421250.02", "exception": null, "traceback": null}}, {"model": "django_apscheduler.djangojobexecution", "pk": 15, "fields": {"job": "my_job", "status": "Executed", "run_time": "2023-10-04T12:08:00Z", "duration": "0.03", "finished": "1696421280.03", "exception": null, "traceback": null}}, {"model": "django_apscheduler.djangojobexecution", "pk": 16, "fields": {"job": "my_job", "status": "Executed", "run_time": "2023-10-04T12:10:00Z", "duration": "0.02", "finished": "1696421400.02", "exception": null, "traceback": null}}, {"model": "django_apscheduler.djangojobexecution", "pk": 17, "fields": {"job": "my_job", "status": "Executed", "run_time": "2023-10-04T12:19:00Z", "duration": "0.87", "finished": "1696421940.87", "exception": null, "traceback": null}}]